{"Profiles":[{"Guid":"1bbe081f-c02f-497b-9ace-1f588dab1a7a","Name":"Copilot Theme (synchronized with VSCode)","Ansi 0 Color":{"Color Space":"sRGB","Red Component":0,"Green Component":0,"Blue Component":0},"Ansi 1 Color":{"Color Space":"sRGB","Red Component":0.803921568627451,"Green Component":0.19215686274509805,"Blue Component":0.19215686274509805},"Ansi 2 Color":{"Color Space":"sRGB","Red Component":0.050980392156862744,"Green Component":0.7372549019607844,"Blue Component":0.4745098039215686},"Ansi 3 Color":{"Color Space":"sRGB","Red Component":0.8980392156862745,"Green Component":0.8980392156862745,"Blue Component":0.06274509803921569},"Ansi 4 Color":{"Color Space":"sRGB","Red Component":0.1411764705882353,"Green Component":0.4470588235294118,"Blue Component":0.7843137254901961},"Ansi 5 Color":{"Color Space":"sRGB","Red Component":0.7372549019607844,"Green Component":0.24705882352941178,"Blue Component":0.7372549019607844},"Ansi 6 Color":{"Color Space":"sRGB","Red Component":0.06666666666666667,"Green Component":0.6588235294117647,"Blue Component":0.803921568627451},"Ansi 7 Color":{"Color Space":"sRGB","Red Component":0.8980392156862745,"Green Component":0.8980392156862745,"Blue Component":0.8980392156862745},"Ansi 8 Color":{"Color Space":"sRGB","Red Component":0.4,"Green Component":0.4,"Blue Component":0.4},"Ansi 9 Color":{"Color Space":"sRGB","Red Component":0.9450980392156862,"Green Component":0.2980392156862745,"Blue Component":0.2980392156862745},"Ansi 10 Color":{"Color Space":"sRGB","Red Component":0.13725490196078433,"Green Component":0.8196078431372549,"Blue Component":0.5450980392156862},"Ansi 11 Color":{"Color Space":"sRGB","Red Component":0.9607843137254902,"Green Component":0.9607843137254902,"Blue Component":0.2627450980392157},"Ansi 12 Color":{"Color Space":"sRGB","Red Component":0.23137254901960785,"Green Component":0.5568627450980392,"Blue Component":0.9176470588235294},"Ansi 13 Color":{"Color Space":"sRGB","Red Component":0.8392156862745098,"Green Component":0.4392156862745098,"Blue Component":0.8392156862745098},"Ansi 14 Color":{"Color Space":"sRGB","Red Component":0.1607843137254902,"Green Component":0.7215686274509804,"Blue Component":0.8588235294117647},"Ansi 15 Color":{"Color Space":"sRGB","Red Component":0.8980392156862745,"Green Component":0.8980392156862745,"Blue Component":0.8980392156862745},"Link Color":{"Color Space":"sRGB","Red Component":0.5372549019607843,"Green Component":0.8666666666666667,"Blue Component":1},"Foreground Color":{"Color Space":"sRGB","Red Component":0.5764705882352941,"Green Component":0.615686274509804,"Blue Component":0.6470588235294118},"Selection Color":{"Color Space":"sRGB","Red Component":0.12549019607843137,"Green Component":0.25098039215686274,"Blue Component":0.3843137254901961},"Selected Text Color":{"Color Space":"sRGB","Red Component":0.5764705882352941,"Green Component":0.615686274509804,"Blue Component":0.6470588235294118},"Background Color":{"Color Space":"sRGB","Red Component":0.13725490196078433,"Green Component":0.16470588235294117,"Blue Component":0.1843137254901961}}]}